"year","game_date","avg_release_speed"
"2017",2017-04-04,88.6025316455696
"2017",2017-04-05,88.656918933477
"2017",2017-04-06,88.7113062213843
"2017",2017-04-07,88.7656935092917
"2017",2017-04-08,88.820080797199
"2017",2017-04-09,88.8744680851064
"2017",2017-04-10,88.6934602463606
"2017",2017-04-11,88.5124524076148
"2017",2017-04-12,88.331444568869
"2017",2017-04-13,88.1504367301232
"2017",2017-04-14,87.9694288913774
"2017",2017-04-15,87.7884210526316
"2017",2017-04-16,87.6967894736842
"2017",2017-04-17,87.6051578947368
"2017",2017-04-18,87.5135263157895
"2017",2017-04-19,87.4218947368421
"2017",2017-04-20,87.3302631578947
"2017",2017-04-21,87.2388771929824
"2017",2017-04-22,87.1474912280702
"2017",2017-04-23,87.0561052631579
"2017",2017-04-24,86.9647192982456
"2017",2017-04-25,86.8733333333333
"2017",2017-04-26,86.8410909090909
"2017",2017-04-27,86.8088484848485
"2017",2017-04-28,86.776606060606
"2017",2017-04-29,86.7443636363636
"2017",2017-04-30,86.7121212121212
"2017",2017-05-01,86.7449694311536
"2017",2017-05-02,86.7778176501861
"2017",2017-05-03,86.8106658692185
"2017",2017-05-04,86.8435140882509
"2017",2017-05-05,86.8763623072834
"2017",2017-05-06,86.9092105263158
"2017",2017-05-07,87.2108235867447
"2017",2017-05-08,87.5124366471735
"2017",2017-05-09,87.8140497076024
"2017",2017-05-10,88.1156627680312
"2017",2017-05-11,88.41727582846
"2017",2017-05-12,88.7188888888889
"2017",2017-05-13,88.453764957265
"2017",2017-05-14,88.188641025641
"2017",2017-05-15,87.9235170940171
"2017",2017-05-16,87.6583931623931
"2017",2017-05-17,87.3932692307692
"2017",2017-05-18,87.38211996337
"2017",2017-05-19,87.3709706959707
"2017",2017-05-20,87.3598214285714
"2017",2017-05-21,87.3486721611721
"2017",2017-05-22,87.3375228937729
"2017",2017-05-23,87.3263736263736
"2017",2017-05-24,87.5534065934066
"2017",2017-05-25,87.7804395604396
"2017",2017-05-26,88.0074725274725
"2017",2017-05-27,88.2345054945055
"2017",2017-05-28,88.4615384615385
"2017",2017-05-29,88.4471255060729
"2017",2017-05-30,88.4327125506073
"2017",2017-05-31,88.4182995951417
"2017",2017-06-01,88.4038866396761
"2017",2017-06-02,88.3894736842105
"2017",2017-06-03,88.4185476578043
"2017",2017-06-04,88.4476216313981
"2017",2017-06-05,88.4766956049918
"2017",2017-06-06,88.5057695785856
"2017",2017-06-07,88.5348435521794
"2017",2017-06-08,88.5639175257732
"2017",2017-06-09,88.6138147398134
"2017",2017-06-10,88.6637119538537
"2017",2017-06-11,88.713609167894
"2017",2017-06-12,88.7635063819342
"2017",2017-06-13,88.8134035959744
"2017",2017-06-14,88.8633008100147
"2017",2017-06-15,88.913198024055
"2017",2017-06-16,88.9630952380952
"2017",2017-06-17,88.9116176745927
"2017",2017-06-18,88.8601401110903
"2017",2017-06-19,88.8086625475878
"2017",2017-06-20,88.7571849840854
"2017",2017-06-21,88.7057074205829
"2017",2017-06-22,88.6542298570805
"2017",2017-06-23,88.602752293578
"2017",2017-06-24,88.2817807574689
"2017",2017-06-25,87.9608092213597
"2017",2017-06-26,87.6398376852506
"2017",2017-06-27,87.3188661491414
"2017",2017-06-28,86.9978946130323
"2017",2017-06-29,86.6769230769231
"2017",2017-06-30,86.887226534933
"2017",2017-07-01,87.0975299929429
"2017",2017-07-02,87.3078334509527
"2017",2017-07-03,87.5181369089626
"2017",2017-07-04,87.7284403669725
"2017",2017-07-05,87.2783958579344
"2017",2017-07-06,86.8283513488964
"2017",2017-07-07,86.3783068398583
"2017",2017-07-08,85.9282623308203
"2017",2017-07-09,85.4782178217822
"2017",2017-07-10,85.5918048947752
"2017",2017-07-11,85.7053919677682
"2017",2017-07-12,85.8189790407612
"2017",2017-07-13,85.9325661137543
"2017",2017-07-14,86.0461531867473
"2017",2017-07-15,86.1597402597403
"2017",2017-07-16,86.2996368679864
"2017",2017-07-17,86.4395334762325
"2017",2017-07-18,86.5794300844787
"2017",2017-07-19,86.7193266927248
"2017",2017-07-20,86.8592233009709
"2017",2017-07-21,86.9748689749979
"2017",2017-07-22,87.0905146490248
"2017",2017-07-23,87.2061603230518
"2017",2017-07-24,87.3218059970788
"2017",2017-07-25,87.4374516711057
"2017",2017-07-26,87.5530973451327
"2017",2017-07-27,87.5613906447534
"2017",2017-07-28,87.5696839443742
"2017",2017-07-29,87.5779772439949
"2017",2017-07-30,87.5862705436156
"2017",2017-07-31,87.5945638432364
"2017",2017-08-01,87.6028571428571
"2017",2017-08-02,87.4308042328042
"2017",2017-08-03,87.2587513227513
"2017",2017-08-04,87.0866984126984
"2017",2017-08-05,86.9146455026455
"2017",2017-08-06,86.7425925925926
"2017",2017-08-07,86.7764179195697
"2017",2017-08-08,86.8102432465469
"2017",2017-08-09,86.844068573524
"2017",2017-08-10,86.8778939005011
"2017",2017-08-11,86.9117192274783
"2017",2017-08-12,86.9455445544554
"2017",2017-08-13,86.6358587204874
"2017",2017-08-14,86.3261728865194
"2017",2017-08-15,86.0164870525514
"2017",2017-08-16,85.7068012185834
"2017",2017-08-17,85.3971153846154
"2017",2017-08-18,85.4651689432063
"2017",2017-08-19,85.5332225017973
"2017",2017-08-20,85.6012760603882
"2017",2017-08-21,85.6693296189792
"2017",2017-08-22,85.7373831775701
"2017",2017-08-23,85.8434482087227
"2017",2017-08-24,85.9495132398754
"2017",2017-08-25,86.055578271028
"2017",2017-08-26,86.1616433021807
"2017",2017-08-27,86.2677083333333
"2017",2017-08-28,86.5055555555555
"2017",2017-08-29,86.7434027777778
"2017",2017-08-30,86.98125
"2017",2017-08-31,87.2190972222222
"2017",2017-09-01,87.4569444444445
"2017",2017-09-02,87.6947916666667
"2017",2017-09-03,87.6906813672439
"2017",2017-09-04,87.6865710678211
"2017",2017-09-05,87.6824607683983
"2017",2017-09-06,87.6783504689755
"2017",2017-09-07,87.6742401695527
"2017",2017-09-08,87.6701298701299
"2017",2017-09-09,87.5635324675325
"2017",2017-09-10,87.4569350649351
"2017",2017-09-11,87.3503376623377
"2017",2017-09-12,87.2437402597403
"2017",2017-09-13,87.1371428571429
"2017",2017-09-14,86.7430476190477
"2017",2017-09-15,86.3489523809524
"2017",2017-09-16,85.9548571428572
"2017",2017-09-17,85.560761904762
"2017",2017-09-18,85.1666666666667
"2017",2017-09-19,85.3043209876544
"2017",2017-09-20,85.441975308642
"2017",2017-09-21,85.5796296296297
"2017",2017-09-22,85.7172839506173
"2017",2017-09-23,85.854938271605
"2017",2017-09-24,85.9925925925926
"2017",2017-09-25,85.4838301716351
"2017",2017-09-26,84.9750677506775
"2017",2017-09-27,84.46630532972
"2017",2017-09-28,83.9575429087624
"2017",2017-09-29,83.4487804878049
"2018",2018-04-04,85.3765306122449
"2018",2018-04-05,85.3948616525262
"2018",2018-04-06,85.4131926928075
"2018",2018-04-07,85.4315237330888
"2018",2018-04-08,85.44985477337
"2018",2018-04-09,85.4681858136513
"2018",2018-04-10,85.4865168539326
"2018",2018-04-11,85.4621573033708
"2018",2018-04-12,85.437797752809
"2018",2018-04-13,85.4134382022472
"2018",2018-04-14,85.3890786516854
"2018",2018-04-15,85.3647191011236
"2018",2018-04-16,85.3403595505618
"2018",2018-04-17,85.316
"2018",2018-04-18,85.2712
"2018",2018-04-19,85.2264
"2018",2018-04-20,85.1816
"2018",2018-04-21,85.1368
"2018",2018-04-22,85.092
"2018",2018-04-23,85.4086274509804
"2018",2018-04-24,85.7252549019608
"2018",2018-04-25,86.0418823529411
"2018",2018-04-26,86.3585098039215
"2018",2018-04-27,86.6751372549019
"2018",2018-04-28,86.9917647058823
"2018",2018-04-29,86.2062378516624
"2018",2018-04-30,85.4207109974424
"2018",2018-05-01,84.6351841432225
"2018",2018-05-02,83.8496572890025
"2018",2018-05-03,83.0641304347826
"2018",2018-05-04,83.3878170289855
"2018",2018-05-05,83.7115036231884
"2018",2018-05-06,84.0351902173913
"2018",2018-05-07,84.3588768115942
"2018",2018-05-08,84.6825634057971
"2018",2018-05-09,85.00625
"2018",2018-05-10,84.9272222222222
"2018",2018-05-11,84.8481944444444
"2018",2018-05-12,84.7691666666667
"2018",2018-05-13,84.6901388888889
"2018",2018-05-14,84.6111111111111
"2018",2018-05-15,84.5899092970521
"2018",2018-05-16,84.5687074829932
"2018",2018-05-17,84.5475056689342
"2018",2018-05-18,84.5263038548753
"2018",2018-05-19,84.5051020408163
"2018",2018-05-20,84.6148577612863
"2018",2018-05-21,84.7246134817563
"2018",2018-05-22,84.8343692022264
"2018",2018-05-23,84.9441249226964
"2018",2018-05-24,85.0538806431664
"2018",2018-05-25,85.1636363636364
"2018",2018-05-26,84.9034090909091
"2018",2018-05-27,84.6431818181818
"2018",2018-05-28,84.3829545454546
"2018",2018-05-29,84.1227272727273
"2018",2018-05-30,83.8625
"2018",2018-05-31,84.0047769360269
"2018",2018-06-01,84.1470538720539
"2018",2018-06-02,84.2893308080808
"2018",2018-06-03,84.4316077441077
"2018",2018-06-04,84.5738846801347
"2018",2018-06-05,84.7161616161616
"2018",2018-06-06,84.6092574871522
"2018",2018-06-07,84.5023533581428
"2018",2018-06-08,84.3954492291334
"2018",2018-06-09,84.2885451001241
"2018",2018-06-10,84.1816409711147
"2018",2018-06-11,84.0747368421053
"2018",2018-06-12,84.2991644736842
"2018",2018-06-13,84.5235921052632
"2018",2018-06-14,84.7480197368421
"2018",2018-06-15,84.9724473684211
"2018",2018-06-16,85.196875
"2018",2018-06-17,85.1259906045752
"2018",2018-06-18,85.0551062091503
"2018",2018-06-19,84.9842218137255
"2018",2018-06-20,84.9133374183007
"2018",2018-06-21,84.8424530228758
"2018",2018-06-22,84.771568627451
"2018",2018-06-23,84.7697392359006
"2018",2018-06-24,84.7679098443501
"2018",2018-06-25,84.7660804527997
"2018",2018-06-26,84.7642510612492
"2018",2018-06-27,84.7624216696988
"2018",2018-06-28,84.7605922781484
"2018",2018-06-29,84.7587628865979
"2018",2018-06-30,84.7940206185567
"2018",2018-07-01,84.8292783505154
"2018",2018-07-02,84.8645360824742
"2018",2018-07-03,84.8997938144329
"2018",2018-07-04,84.9350515463917
"2018",2018-07-05,85.0648577701412
"2018",2018-07-06,85.1946639938908
"2018",2018-07-07,85.3244702176403
"2018",2018-07-08,85.4542764413898
"2018",2018-07-09,85.5840826651394
"2018",2018-07-10,85.7138888888889
"2018",2018-07-11,85.8394627594628
"2018",2018-07-12,85.9650366300366
"2018",2018-07-13,86.0906105006105
"2018",2018-07-14,86.2161843711843
"2018",2018-07-15,86.3417582417582
"2018",2018-07-16,86.2332221350078
"2018",2018-07-17,86.1246860282574
"2018",2018-07-18,86.016149921507
"2018",2018-07-19,85.9076138147566
"2018",2018-07-20,85.7990777080063
"2018",2018-07-21,85.6905416012559
"2018",2018-07-22,85.5820054945055
"2018",2018-07-23,85.4734693877551
"2018",2018-07-24,85.0903139717425
"2018",2018-07-25,84.70715855573
"2018",2018-07-26,84.3240031397174
"2018",2018-07-27,83.9408477237049
"2018",2018-07-28,83.5576923076923
"2018",2018-07-29,83.836802413273
"2018",2018-07-30,84.1159125188537
"2018",2018-07-31,84.3950226244344
"2018",2018-08-01,84.6741327300151
"2018",2018-08-02,84.9532428355958
"2018",2018-08-03,85.2323529411765
"2018",2018-08-04,85.3639406053684
"2018",2018-08-05,85.4955282695603
"2018",2018-08-06,85.6271159337521
"2018",2018-08-07,85.758703597944
"2018",2018-08-08,85.8902912621359
"2018",2018-08-09,85.9504163295577
"2018",2018-08-10,86.0105413969795
"2018",2018-08-11,86.0706664644013
"2018",2018-08-12,86.1307915318231
"2018",2018-08-13,86.1909165992449
"2018",2018-08-14,86.2510416666667
"2018",2018-08-15,85.9950281954887
"2018",2018-08-16,85.7390147243108
"2018",2018-08-17,85.4830012531328
"2018",2018-08-18,85.2269877819549
"2018",2018-08-19,84.9709743107769
"2018",2018-08-20,84.714960839599
"2018",2018-08-21,84.458947368421
"2018",2018-08-22,84.719649122807
"2018",2018-08-23,84.9803508771929
"2018",2018-08-24,85.2410526315789
"2018",2018-08-25,85.5017543859649
"2018",2018-08-26,85.7624561403508
"2018",2018-08-27,86.0231578947368
"2018",2018-08-28,86.0014429824561
"2018",2018-08-29,85.9797280701754
"2018",2018-08-30,85.9580131578947
"2018",2018-08-31,85.936298245614
"2018",2018-09-01,85.9145833333333
"2018",2018-09-02,86.0560124269006
"2018",2018-09-03,86.1974415204678
"2018",2018-09-04,86.338870614035
"2018",2018-09-05,86.4802997076023
"2018",2018-09-06,86.6217288011696
"2018",2018-09-07,86.7631578947368
"2018",2018-09-08,86.5907460960092
"2018",2018-09-09,86.4183342972816
"2018",2018-09-10,86.2459224985541
"2018",2018-09-11,86.0735106998265
"2018",2018-09-12,85.9010989010989
"2018",2018-09-13,85.9879624542125
"2018",2018-09-14,86.074826007326
"2018",2018-09-15,86.1616895604396
"2018",2018-09-16,86.2485531135531
"2018",2018-09-17,86.3354166666667
"2018",2018-09-18,86.4066260162602
"2018",2018-09-19,86.4778353658537
"2018",2018-09-20,86.5490447154471
"2018",2018-09-21,86.6202540650406
"2018",2018-09-22,86.6914634146341
"2018",2018-09-23,86.0411620409307
"2018",2018-09-24,85.3908606672273
"2018",2018-09-25,84.740559293524
"2018",2018-09-26,84.0902579198206
"2018",2018-09-27,83.4399565461172
"2018",2018-09-28,82.7896551724138
"2019",2019-03-31,86.1510638297872
"2019",2019-04-01,85.9890648193963
"2019",2019-04-02,85.8270658090054
"2019",2019-04-03,85.6650667986146
"2019",2019-04-04,85.5030677882237
"2019",2019-04-05,85.3410687778328
"2019",2019-04-06,85.1790697674419
"2019",2019-04-07,85.2514260640632
"2019",2019-04-08,85.3237823606845
"2019",2019-04-09,85.3961386573058
"2019",2019-04-10,85.4684949539272
"2019",2019-04-11,85.5408512505485
"2019",2019-04-12,85.6132075471698
"2019",2019-04-13,85.6881090930465
"2019",2019-04-14,85.7630106389232
"2019",2019-04-15,85.8379121847998
"2019",2019-04-16,85.9128137306765
"2019",2019-04-17,85.9877152765532
"2019",2019-04-18,86.0626168224299
"2019",2019-04-19,86.121161419109
"2019",2019-04-20,86.179706015788
"2019",2019-04-21,86.2382506124671
"2019",2019-04-22,86.2967952091461
"2019",2019-04-23,86.3553398058252
"2019",2019-04-24,86.5004643309413
"2019",2019-04-25,86.6455888560574
"2019",2019-04-26,86.7907133811734
"2019",2019-04-27,86.9358379062895
"2019",2019-04-28,87.0809624314056
"2019",2019-04-29,87.2260869565217
"2019",2019-04-30,87.003920412675
"2019",2019-05-01,86.7817538688283
"2019",2019-05-02,86.5595873249815
"2019",2019-05-03,86.3374207811348
"2019",2019-05-04,86.1152542372881
"2019",2019-05-05,86.3436052589894
"2019",2019-05-06,86.5719562806906
"2019",2019-05-07,86.8003073023919
"2019",2019-05-08,87.0286583240931
"2019",2019-05-09,87.2570093457944
"2019",2019-05-10,87.1027547017423
"2019",2019-05-11,86.9485000576901
"2019",2019-05-12,86.794245413638
"2019",2019-05-13,86.6399907695858
"2019",2019-05-14,86.4857361255336
"2019",2019-05-15,86.3314814814815
"2019",2019-05-16,86.0394708994709
"2019",2019-05-17,85.7474603174603
"2019",2019-05-18,85.4554497354498
"2019",2019-05-19,85.1634391534392
"2019",2019-05-20,84.8714285714286
"2019",2019-05-21,85.1016256157636
"2019",2019-05-22,85.3318226600986
"2019",2019-05-23,85.5620197044335
"2019",2019-05-24,85.7922167487685
"2019",2019-05-25,86.0224137931035
"2019",2019-05-26,86.1430371352785
"2019",2019-05-27,86.2636604774536
"2019",2019-05-28,86.3842838196286
"2019",2019-05-29,86.5049071618037
"2019",2019-05-30,86.6255305039788
"2019",2019-05-31,86.7461538461538
"2019",2019-06-01,86.6488575780655
"2019",2019-06-02,86.5515613099771
"2019",2019-06-03,86.4542650418888
"2019",2019-06-04,86.3569687738005
"2019",2019-06-05,86.2596725057121
"2019",2019-06-06,86.1623762376238
"2019",2019-06-07,86.1326282628263
"2019",2019-06-08,86.1028802880288
"2019",2019-06-09,86.0731323132314
"2019",2019-06-10,86.0433843384339
"2019",2019-06-11,86.0136363636364
"2019",2019-06-12,86.2077238973898
"2019",2019-06-13,86.4018114311431
"2019",2019-06-14,86.5958989648965
"2019",2019-06-15,86.7899864986499
"2019",2019-06-16,86.9840740324033
"2019",2019-06-17,87.1781615661566
"2019",2019-06-18,87.37224909991
"2019",2019-06-19,87.5663366336634
"2019",2019-06-20,87.5704314002829
"2019",2019-06-21,87.5745261669024
"2019",2019-06-22,87.578620933522
"2019",2019-06-23,87.5827157001414
"2019",2019-06-24,87.586810466761
"2019",2019-06-25,87.5909052333805
"2019",2019-06-26,87.595
"2019",2019-06-27,87.358285440613
"2019",2019-06-28,87.1215708812261
"2019",2019-06-29,86.8848563218391
"2019",2019-06-30,86.6481417624521
"2019",2019-07-01,86.4114272030652
"2019",2019-07-02,86.1747126436782
"2019",2019-07-03,86.1159239610964
"2019",2019-07-04,86.0571352785146
"2019",2019-07-05,85.9983465959328
"2019",2019-07-06,85.939557913351
"2019",2019-07-07,85.8807692307692
"2019",2019-07-08,86.0821944236992
"2019",2019-07-09,86.2836196166293
"2019",2019-07-10,86.4850448095594
"2019",2019-07-11,86.6864700024894
"2019",2019-07-12,86.8878951954195
"2019",2019-07-13,87.0893203883495
"2019",2019-07-14,86.9314336569579
"2019",2019-07-15,86.7735469255663
"2019",2019-07-16,86.6156601941748
"2019",2019-07-17,86.4577734627832
"2019",2019-07-18,86.2998867313916
"2019",2019-07-19,86.142
"2019",2019-07-20,86.2977509433962
"2019",2019-07-21,86.4535018867924
"2019",2019-07-22,86.6092528301887
"2019",2019-07-23,86.7650037735849
"2019",2019-07-24,86.9207547169811
"2019",2019-07-25,86.6250149885382
"2019",2019-07-26,86.3292752600952
"2019",2019-07-27,86.0335355316523
"2019",2019-07-28,85.7377958032093
"2019",2019-07-29,85.4420560747664
"2019",2019-07-30,85.7181884914241
"2019",2019-07-31,85.9943209080818
"2019",2019-08-01,86.2704533247395
"2019",2019-08-02,86.5465857413972
"2019",2019-08-03,86.8227181580549
"2019",2019-08-04,87.0988505747126
"2019",2019-08-05,87.118191081764
"2019",2019-08-06,87.1375315888155
"2019",2019-08-07,87.156872095867
"2019",2019-08-08,87.1762126029184
"2019",2019-08-09,87.1955531099699
"2019",2019-08-10,87.2148936170213
"2019",2019-08-11,87.2605931656996
"2019",2019-08-12,87.3062927143778
"2019",2019-08-13,87.3519922630561
"2019",2019-08-14,87.3976918117344
"2019",2019-08-15,87.4433913604126
"2019",2019-08-16,87.4890909090909
"2019",2019-08-17,87.4624555229716
"2019",2019-08-18,87.4358201368524
"2019",2019-08-19,87.4091847507331
"2019",2019-08-20,87.3825493646139
"2019",2019-08-21,87.3559139784946
"2019",2019-08-22,87.1565308795147
"2019",2019-08-23,86.9571477805349
"2019",2019-08-24,86.757764681555
"2019",2019-08-25,86.5583815825751
"2019",2019-08-26,86.3589984835953
"2019",2019-08-27,86.1596153846154
"2019",2019-08-28,86.4041133603239
"2019",2019-08-29,86.6486113360324
"2019",2019-08-30,86.8931093117409
"2019",2019-08-31,87.1376072874494
"2019",2019-09-01,87.3821052631579
"2019",2019-09-02,87.3327870142646
"2019",2019-09-03,87.2834687653714
"2019",2019-09-04,87.2341505164781
"2019",2019-09-05,87.1848322675849
"2019",2019-09-06,87.1355140186916
"2019",2019-09-07,87.135261682243
"2019",2019-09-08,87.1350093457944
"2019",2019-09-09,87.1347570093458
"2019",2019-09-10,87.1345046728972
"2019",2019-09-11,87.1342523364486
"2019",2019-09-12,87.134
"2019",2019-09-13,87.2255636363636
"2019",2019-09-14,87.3171272727273
"2019",2019-09-15,87.4086909090909
"2019",2019-09-16,87.5002545454546
"2019",2019-09-17,87.5918181818182
"2019",2019-09-18,87.716792929293
"2019",2019-09-19,87.8417676767677
"2019",2019-09-20,87.9667424242425
"2019",2019-09-21,88.0917171717172
"2019",2019-09-22,88.216691919192
"2019",2019-09-23,88.3416666666667
"2019",2019-09-24,88.22695035461
"2019",2019-09-25,88.1122340425532
"2019",2019-09-26,87.9975177304965
"2019",2019-09-27,87.8828014184397
"2019",2019-09-28,87.768085106383
"2019",2019-09-29,87.7585802346391
"2019",2019-09-30,87.7490753628952
"2019",2019-10-01,87.7395704911514
"2019",2019-10-02,87.7300656194075
"2019",2019-10-03,87.7205607476636
"2019",2019-10-04,87.7908500222519
"2019",2019-10-05,87.8611392968403
"2019",2019-10-06,87.9314285714286
"2019",2019-10-07,87.8800432900433
"2019",2019-10-08,87.828658008658
"2019",2019-10-09,87.7772727272727
"2019",2019-10-10,85.6181818181818
"2019",2019-10-11,83.4590909090909
"2019",2019-10-12,81.3
"2019",2019-10-13,83.5851063829787
"2019",2019-10-14,85.8702127659575
"2019",2019-10-15,88.1553191489362
"2019",2019-10-16,88.0732667535099
"2019",2019-10-17,87.9912143580837
"2019",2019-10-18,87.9091619626574
"2019",2019-10-19,87.8271095672312
"2019",2019-10-20,87.7450571718049
"2019",2019-10-21,87.6630047763787
"2019",2019-10-22,87.5809523809524
"2019",2019-10-23,87.357849702381
"2019",2019-10-24,87.1347470238096
"2019",2019-10-25,86.9116443452381
"2019",2019-10-26,86.6885416666667
"2019",2019-10-27,87.2817471590909
"2019",2019-10-28,87.8749526515151
"2019",2019-10-29,88.4681581439394
"2019",2019-10-30,89.0613636363636
"2020",2020-07-21,82.8369230769231
"2020",2020-07-22,83.3482051282051
"2020",2020-07-23,83.8594871794872
"2020",2020-07-24,84.3707692307692
"2020",2020-07-25,84.8820512820513
"2020",2020-07-26,85.3933333333333
"2020",2020-07-27,85.3581263616557
"2020",2020-07-28,85.3229193899782
"2020",2020-07-29,85.2877124183006
"2020",2020-07-30,85.2525054466231
"2020",2020-07-31,85.2172984749455
"2020",2020-08-01,85.182091503268
"2020",2020-08-02,85.1468845315904
"2020",2020-08-03,85.1116775599128
"2020",2020-08-04,85.0764705882353
"2020",2020-08-05,84.6863308541807
"2020",2020-08-06,84.2961911201262
"2020",2020-08-07,83.9060513860717
"2020",2020-08-08,83.5159116520171
"2020",2020-08-09,83.1257719179625
"2020",2020-08-10,82.735632183908
"2020",2020-08-11,82.9404206407434
"2020",2020-08-12,83.1452090975788
"2020",2020-08-13,83.3499975544143
"2020",2020-08-14,83.5547860112497
"2020",2020-08-15,83.7595744680851
"2020",2020-08-16,83.857325128633
"2020",2020-08-17,83.9550757891809
"2020",2020-08-18,84.0528264497288
"2020",2020-08-19,84.1505771102767
"2020",2020-08-20,84.2483277708246
"2020",2020-08-21,84.3460784313725
"2020",2020-08-22,84.3939460784313
"2020",2020-08-23,84.4418137254902
"2020",2020-08-24,84.489681372549
"2020",2020-08-25,84.5375490196079
"2020",2020-08-26,84.5854166666667
"2020",2020-08-27,84.594550120773
"2020",2020-08-28,84.6036835748792
"2020",2020-08-29,84.6128170289855
"2020",2020-08-30,84.6219504830918
"2020",2020-08-31,84.631083937198
"2020",2020-09-01,84.6402173913043
"2020",2020-09-02,84.7716078753076
"2020",2020-09-03,84.9029983593109
"2020",2020-09-04,85.0343888433142
"2020",2020-09-05,85.1657793273175
"2020",2020-09-06,85.2971698113208
"2020",2020-09-07,85.1010365711624
"2020",2020-09-08,84.904903331004
"2020",2020-09-09,84.7087700908456
"2020",2020-09-10,84.5126368506872
"2020",2020-09-11,84.3165036105288
"2020",2020-09-12,84.1203703703704
"2020",2020-09-13,84.273374295955
"2020",2020-09-14,84.4263782215395
"2020",2020-09-15,84.5793821471241
"2020",2020-09-16,84.7323860727087
"2020",2020-09-17,84.8853899982933
"2020",2020-09-18,85.0383939238778
"2020",2020-09-19,85.1913978494624
"2020",2020-09-20,85.0686935008089
"2020",2020-09-21,84.9459891521553
"2020",2020-09-22,84.8232848035018
"2020",2020-09-23,84.7005804548482
"2020",2020-09-24,84.5778761061947
"2021",2021-04-10,86.28375
"2021",2021-04-11,86.2050952380952
"2021",2021-04-12,86.1264404761905
"2021",2021-04-13,86.0477857142857
"2021",2021-04-14,85.969130952381
"2021",2021-04-15,85.8904761904762
"2021",2021-04-16,85.632380952381
"2021",2021-04-17,85.3742857142857
"2021",2021-04-18,85.1161904761905
"2021",2021-04-19,84.8580952380952
"2021",2021-04-20,84.6
"2021",2021-04-21,84.8951898734177
"2021",2021-04-22,85.1903797468354
"2021",2021-04-23,85.4855696202532
"2021",2021-04-24,85.7807594936709
"2021",2021-04-25,86.0759493670886
"2021",2021-04-26,86.0459076266957
"2021",2021-04-27,86.0158658863028
"2021",2021-04-28,85.9858241459099
"2021",2021-04-29,85.955782405517
"2021",2021-04-30,85.9257406651241
"2021",2021-05-01,85.8956989247312
"2021",2021-05-02,86.2515598035312
"2021",2021-05-03,86.6074206823311
"2021",2021-05-04,86.963281561131
"2021",2021-05-05,87.319142439931
"2021",2021-05-06,87.675003318731
"2021",2021-05-07,88.0308641975309
"2021",2021-05-08,87.7583999031712
"2021",2021-05-09,87.4859356088114
"2021",2021-05-10,87.2134713144517
"2021",2021-05-11,86.941007020092
"2021",2021-05-12,86.6685427257322
"2021",2021-05-13,86.3960784313725
"2021",2021-05-14,86.2331845841785
"2021",2021-05-15,86.0702907369844
"2021",2021-05-16,85.9073968897904
"2021",2021-05-17,85.7445030425963
"2021",2021-05-18,85.5816091954023
"2021",2021-05-19,85.8185505142166
"2021",2021-05-20,86.0554918330309
"2021",2021-05-21,86.2924331518451
"2021",2021-05-22,86.5293744706594
"2021",2021-05-23,86.7663157894737
"2021",2021-05-24,86.7875281151597
"2021",2021-05-25,86.8087404408457
"2021",2021-05-26,86.8299527665317
"2021",2021-05-27,86.8511650922177
"2021",2021-05-28,86.8723774179037
"2021",2021-05-29,86.8935897435897
"2021",2021-05-30,86.8282895163907
"2021",2021-05-31,86.7629892891918
"2021",2021-06-01,86.6976890619928
"2021",2021-06-02,86.6323888347939
"2021",2021-06-03,86.5670886075949
"2021",2021-06-04,86.5360146998775
"2021",2021-06-05,86.50494079216
"2021",2021-06-06,86.4738668844426
"2021",2021-06-07,86.4427929767252
"2021",2021-06-08,86.4117190690077
"2021",2021-06-09,86.3806451612903
"2021",2021-06-10,86.1569012707722
"2021",2021-06-11,85.9331573802541
"2021",2021-06-12,85.709413489736
"2021",2021-06-13,85.485669599218
"2021",2021-06-14,85.2619257086999
"2021",2021-06-15,85.0381818181818
"2021",2021-06-16,85.4013689839572
"2021",2021-06-17,85.7645561497326
"2021",2021-06-18,86.127743315508
"2021",2021-06-19,86.4909304812834
"2021",2021-06-20,86.8541176470588
"2021",2021-06-21,86.81739241151
"2021",2021-06-22,86.7806671759613
"2021",2021-06-23,86.7439419404125
"2021",2021-06-24,86.7072167048637
"2021",2021-06-25,86.670491469315
"2021",2021-06-26,86.6337662337662
"2021",2021-06-27,86.6715490694872
"2021",2021-06-28,86.7093319052082
"2021",2021-06-29,86.7471147409291
"2021",2021-06-30,86.7848975766501
"2021",2021-07-01,86.8226804123711
"2021",2021-07-02,87.1822651235168
"2021",2021-07-03,87.5418498346625
"2021",2021-07-04,87.9014345458082
"2021",2021-07-05,88.2610192569539
"2021",2021-07-06,88.6206039680996
"2021",2021-07-07,88.9801886792453
"2021",2021-07-08,88.7339675641298
"2021",2021-07-09,88.4877464490142
"2021",2021-07-10,88.2415253338987
"2021",2021-07-11,87.9953042187831
"2021",2021-07-12,87.7490831036676
"2021",2021-07-13,87.502861988552
"2021",2021-07-14,87.2566408734365
"2021",2021-07-15,87.010419758321
"2021",2021-07-16,86.7641986432054
"2021",2021-07-17,86.5179775280899
"2021",2021-07-18,86.7928201012471
"2021",2021-07-19,87.0676626744043
"2021",2021-07-20,87.3425052475614
"2021",2021-07-21,87.6173478207186
"2021",2021-07-22,87.8921903938758
"2021",2021-07-23,88.167032967033
"2021",2021-07-24,88.1289228213647
"2021",2021-07-25,88.0908126756964
"2021",2021-07-26,88.0527025300281
"2021",2021-07-27,88.0145923843599
"2021",2021-07-28,87.9764822386916
"2021",2021-07-29,87.9383720930233
"2021",2021-07-30,88.0261815453864
"2021",2021-07-31,88.1139909977495
"2021",2021-08-01,88.2018004501125
"2021",2021-08-02,88.2896099024756
"2021",2021-08-03,88.3774193548387
"2021",2021-08-04,88.0657590132827
"2021",2021-08-05,87.7540986717267
"2021",2021-08-06,87.4424383301708
"2021",2021-08-07,87.1307779886148
"2021",2021-08-08,86.8191176470588
"2021",2021-08-09,86.842048211037
"2021",2021-08-10,86.8649787750151
"2021",2021-08-11,86.8879093389933
"2021",2021-08-12,86.9108399029715
"2021",2021-08-13,86.9337704669496
"2021",2021-08-14,86.9567010309278
"2021",2021-08-15,87.5782291199761
"2021",2021-08-16,88.1997572090243
"2021",2021-08-17,88.8212852980726
"2021",2021-08-18,89.4428133871209
"2021",2021-08-19,90.0643414761691
"2021",2021-08-20,90.6858695652174
"2021",2021-08-21,90.2954085457272
"2021",2021-08-22,89.9049475262369
"2021",2021-08-23,89.5144865067466
"2021",2021-08-24,89.1240254872564
"2021",2021-08-25,88.7335644677661
"2021",2021-08-26,88.3431034482759
"2021",2021-08-27,88.4686763070078
"2021",2021-08-28,88.5942491657397
"2021",2021-08-29,88.7198220244717
"2021",2021-08-30,88.8453948832036
"2021",2021-08-31,88.9709677419355
"2021",2021-09-01,88.8610403697416
"2021",2021-09-02,88.7511129975476
"2021",2021-09-03,88.6411856253537
"2021",2021-09-04,88.5312582531598
"2021",2021-09-05,88.4213308809658
"2021",2021-09-06,88.3114035087719
"2021",2021-09-07,88.3476217358578
"2021",2021-09-08,88.3838399629436
"2021",2021-09-09,88.4200581900295
"2021",2021-09-10,88.4562764171154
"2021",2021-09-11,88.4924946442012
"2021",2021-09-12,88.5287128712871
"2021",2021-09-13,88.6208622586396
"2021",2021-09-14,88.7130116459922
"2021",2021-09-15,88.8051610333447
"2021",2021-09-16,88.8973104206972
"2021",2021-09-17,88.9894598080498
"2021",2021-09-18,89.0816091954023
"2021",2021-09-19,88.7400348310693
"2021",2021-09-20,88.3984604667363
"2021",2021-09-21,88.0568861024034
"2021",2021-09-22,87.7153117380704
"2021",2021-09-23,87.3737373737374
"2021",2021-09-24,87.2538413841384
"2021",2021-09-25,87.1339453945395
"2021",2021-09-26,87.0140494049405
"2021",2021-09-27,86.8941534153416
"2021",2021-09-28,86.7742574257426
